zip_code,tree_count,Land Area (sq mi),Population,uhf3
10312,22186,7.68,61105.0,Southern Staten Island 
10314,16905,13.71,87524.0,Southern Staten Island 
10306,13030,7.47,54888.0,Southern Staten Island 
10309,12650,6.72,33382.0,Southern Staten Island 
11234,11253,7.55,95610.0,Canarsie and Flatlands
11385,10937,3.61,100132.0,Ridgewood/Forest Hills
11357,9449,2.8,40588.0,Flushing/Clearview
11207,8634,2.67,93465.0,East New York/New Lots
11434,8274,3.24,65255.0,Jamaica
11208,8245,3.46,92262.0,East New York/New Lots
11413,7470,3.1,41689.0,Southeast Queens
11365,7428,2.5,43138.0,Bayside/Little Neck/Fresh Meadows
11230,7336,1.84,87064.0,Borough Park
10308,7116,1.97,29805.0,Southern Staten Island 
11375,7059,1.98,69652.0,Ridgewood/Forest Hills
11364,7054,2.47,34902.0,Bayside/Little Neck/Fresh Meadows
11432,6958,2.15,62395.0,Jamaica
11358,6928,1.95,37634.0,Flushing/Clearview
11236,6859,3.6,97714.0,Canarsie and Flatlands
10305,6855,4.25,41471.0,Northern Staten Island
10469,6710,2.48,72241.0,The Northeast Bronx
11215,6360,2.18,70156.0,Downtown Brooklyn/Heights/Slope
11422,6324,1.97,32589.0,Southeast Queens
11209,6201,2.16,72582.0,BayRidge/Bensonhurs
11361,6181,1.76,30352.0,Bayside/Little Neck/Fresh Meadows
11229,6099,2.17,81351.0,Coney Island
10301,6034,3.66,39367.0,Northern Staten Island
11223,5981,2.07,76651.0,Coney Island
10304,5855,3.87,41864.0,Northern Staten Island
11354,5824,2.17,56433.0,Flushing/Clearview
11691,5718,2.83,62577.0,The Rockaways
11377,5651,2.55,88939.0,West Queens
10461,5636,2.4,52435.0,Pelham/Throgs Neck
11420,5494,2.08,50162.0,Southwest Queens
11210,5452,1.64,67042.0,Flatbush
10307,5451,1.96,15006.0,Southern Staten Island 
11355,5287,1.74,83799.0,Flushing/Clearview
11367,5221,2.38,41582.0,Bayside/Little Neck/Fresh Meadows
10465,5183,3.43,46360.0,Pelham/Throgs Neck
11235,5157,2.25,75622.0,Coney Island
11203,5141,2.15,77011.0,Flatbush
11426,5121,1.35,19348.0,Southeast Queens
11221,5098,1.38,83773.0,Williamsburg/Bushwick
10466,5088,2.02,69657.0,The Northeast Bronx
11379,4893,2.07,35725.0,Ridgewood/Forest Hills
11218,4868,1.43,75132.0,Borough Park
11233,4732,1.35,69637.0,Bedford Stuyvesant/Crown Heights
11204,4731,1.59,80349.0,Borough Park
11412,4697,1.65,37690.0,Jamaica
11220,4677,1.79,101715.0,Sunset Park
11414,4650,2.3,28742.0,Southwest Queens
11435,4595,1.51,54523.0,Jamaica
11201,4514,1.42,56488.0,Downtown Brooklyn/Heights/Slope
11219,4463,1.48,98719.0,Borough Park
11362,4429,2.52,17897.0,Bayside/Little Neck/Fresh Meadows
11427,4377,1.58,23460.0,Southeast Queens
10473,4369,2.18,59948.0,Pelham/Throgs Neck
10467,4355,2.33,99251.0,Fordham/BronxPark
11368,4346,2.63,110385.0,West Queens
11214,4341,2.18,88297.0,BayRidge/Bensonhurs
10462,4234,1.48,76114.0,Pelham/Throgs Neck
11212,4205,1.54,87751.0,Bedford Stuyvesant/Crown Heights
11373,4204,1.53,100713.0,West Queens
10457,4175,1.06,71015.0,The South Bronx
11211,4143,2.3,94681.0,Greenpoint
11004,4130,0.95,14045.0,Southeast Queens
10456,4085,1.02,91737.0,The South Bronx
11206,4068,1.43,83180.0,Williamsburg/Bushwick
11378,4033,2.55,30854.0,West Queens
11105,3925,1.63,36816.0,Long Island City/Astoria
11226,3875,1.29,98299.0,Flatbush
11238,3872,1.11,51959.0,Bedford Stuyvesant/Crown Heights
11228,3785,1.47,46059.0,BayRidge/Bensonhurs
11433,3745,1.55,37927.0,Jamaica
10463,3723,1.45,71238.0,Kingsbridge and Riverdale
11222,3704,1.52,34580.0,Greenpoint
10025,3696,0.75,97373.0,Upper West Side
11417,3666,1.12,31556.0,Southwest Queens
11231,3660,1.42,34605.0,Downtown Brooklyn/Heights/Slope
11213,3652,1.09,62756.0,Bedford Stuyvesant/Crown Heights
10310,3629,1.8,24719.0,Northern Staten Island
11423,3591,1.41,32053.0,Jamaica
11694,3572,1.37,21507.0,The Rockaways
11216,3512,0.94,54440.0,Bedford Stuyvesant/Crown Heights
10472,3430,1.05,69659.0,Pelham/Throgs Neck
10458,3405,1.01,76276.0,Fordham/BronxPark
11418,3391,1.63,36751.0,Southwest Queens
11101,3387,2.62,25317.0,Long Island City/Astoria
10452,3320,0.98,75252.0,The South Bronx
10024,3311,0.86,59249.0,Upper West Side
11369,3296,1.07,39862.0,West Queens
11372,3295,0.74,63202.0,West Queens
10460,3261,1.32,58676.0,The South Bronx
11217,3244,0.75,38567.0,Downtown Brooklyn/Heights/Slope
10303,3238,3.14,24348.0,Northern Staten Island
11411,3229,1.17,19177.0,Southeast Queens
11370,3179,1.42,36271.0,West Queens
11356,3099,1.57,23800.0,Flushing/Clearview
11374,3084,0.93,41792.0,Ridgewood/Forest Hills
10459,3078,0.82,48269.0,The South Bronx
10453,3050,0.92,79002.0,The South Bronx
11366,3013,1.09,13146.0,Bayside/Little Neck/Fresh Meadows
10027,2992,0.87,63057.0,Central Harlem
10468,2990,1.08,72683.0,Fordham/BronxPark
11237,2948,0.98,55258.0,Williamsburg/Bushwick
11429,2912,1.3,27506.0,Southeast Queens
11225,2868,0.88,59613.0,Flatbush
11421,2855,1.29,42745.0,Southwest Queens
11363,2851,0.87,7625.0,Bayside/Little Neck/Fresh Meadows
11428,2838,0.83,20461.0,Southeast Queens
11419,2805,1.13,48370.0,Southwest Queens
10474,2644,1.53,12223.0,The South Bronx
11205,2640,0.95,43320.0,Downtown Brooklyn/Heights/Slope
10014,2591,0.57,31835.0,Chelsea/Greenwich Village
10031,2587,0.65,58912.0,Washington Heights/Inwood
11360,2498,1.43,19916.0,Flushing/Clearview
10451,2450,1.01,47818.0,The South Bronx
10029,2423,0.83,77857.0,East Harlem
11436,2407,0.79,18609.0,Jamaica
11103,2376,0.71,38257.0,Long Island City/Astoria
10302,2369,1.19,18043.0,Northern Staten Island
10002,2265,0.88,79894.0,Union Square/Lower Manhattan
10023,2260,0.49,60762.0,Upper West Side
10032,2217,0.66,59069.0,Washington Heights/Inwood
10128,2136,0.47,62447.0,Upper East Side/Gramercy
10011,2134,0.66,52941.0,Chelsea/Greenwich Village
11232,2110,1.28,29452.0,Sunset Park
10455,2044,0.71,39951.0,The South Bronx
10003,2025,0.58,57068.0,Union Square/Lower Manhattan
11692,2013,1.0,17970.0,The Rockaways
10035,2010,1.4,34760.0,East Harlem
10033,1971,0.6,60520.0,Washington Heights/Inwood
11106,1964,0.86,38633.0,Long Island City/Astoria
10021,1959,0.39,42142.0,Upper East Side/Gramercy
11224,1949,1.54,42698.0,Coney Island
10009,1924,0.62,61806.0,Union Square/Lower Manhattan
10065,1911,0.39,31761.0,Upper East Side/Gramercy
10471,1903,2.58,21935.0,Kingsbridge and Riverdale
10016,1872,0.53,50112.0,Upper East Side/Gramercy
10475,1865,1.72,44582.0,The Northeast Bronx
11249,1842,,,
10026,1829,0.33,38372.0,Central Harlem
10028,1806,0.31,46169.0,Upper East Side/Gramercy
11416,1790,0.67,25973.0,Southwest Queens
10454,1755,1.04,38751.0,The South Bronx
11415,1743,0.57,19020.0,Southwest Queens
11102,1742,0.81,35027.0,Long Island City/Astoria
10019,1715,0.68,38752.0,Chelsea/Greenwich Village
11104,1664,0.39,26555.0,Long Island City/Astoria
10022,1627,0.44,29699.0,Upper East Side/Gramercy
10034,1574,1.13,42672.0,Washington Heights/Inwood
10040,1560,0.38,45278.0,Washington Heights/Inwood
10470,1388,1.42,14880.0,The Northeast Bronx
11001,1371,2.23,27156.0,Southeast Queens
10030,1365,0.28,29530.0,Central Harlem
10013,1202,0.55,26937.0,Chelsea/Greenwich Village
11693,1169,1.0,11338.0,The Rockaways
10012,1076,0.32,24846.0,Chelsea/Greenwich Village
10464,1062,3.5,4532.0,Pelham/Throgs Neck
11239,988,0.57,12943.0,Canarsie and Flatlands
83,935,,,
10001,911,0.62,22767.0,Chelsea/Greenwich Village
10075,899,0.18,24377.0,Upper East Side/Gramercy
10036,894,0.44,24127.0,Chelsea/Greenwich Village
10010,889,0.39,30708.0,Upper East Side/Gramercy
11040,865,4.78,40799.0,Southeast Queens
10017,848,0.32,16278.0,Upper East Side/Gramercy
10039,801,0.46,25952.0,Central Harlem
10037,698,0.26,18041.0,Central Harlem
10018,485,0.32,8062.0,Chelsea/Greenwich Village
10280,418,0.14,8817.0,Union Square/Lower Manhattan
10038,374,0.3,20997.0,Union Square/Lower Manhattan
10007,355,0.16,6748.0,Union Square/Lower Manhattan
10282,234,0.09,5903.0,Union Square/Lower Manhattan
11005,168,0.18,2123.0,Southeast Queens
10005,144,0.07,7570.0,Union Square/Lower Manhattan
11371,129,,,
10069,119,0.1,5523.0,Upper West Side
10004,118,0.56,3024.0,Union Square/Lower Manhattan
10020,94,0.03,1.0,Chelsea/Greenwich Village
11251,93,,,
11109,92,0.04,4337.0,Long Island City/Astoria
10281,72,,,
10006,53,0.09,2950.0,Union Square/Lower Manhattan
11430,37,7.12,171.0,Jamaica
11697,30,2.22,4078.0,The Rockaways
10111,25,,,
10048,12,0.02,0.0,Union Square/Lower Manhattan
11451,12,,,
11096,9,,,
10115,7,,,
